219 Booth, William Henry. Borrir, John. Bostock, J. Ashton. Boswell, Thomas. Boulby, Mark. Boulger, Edward. Boulter, C. Smith. Boulton, A. Ramsden. Boulton, Thomas. Bourne, J. Colclough, Bourns, Charles. Bourns, Matthew. Bousfield, E. B. Bowdage, Emanuel. Bowden, R. Bailey. Bowden, S. William. Bowe, John. Bowen, Lewis. Bowen, T. Lewis. Bower, E. Rowland. Bower, H. Nash. Bower, J. Seddon. Bowes, Richard. Bowker, R. R. Steer. Bowker, R. Stansar. Bowles, J. Dendy. Bowyer, Abraham. Bowyer, John. Box, G. F. William M. Box, William Henry. Boyce, William. Boycott, Sampson. Boyd, J. William. Boyd, Sprott. Boyden, Samuel. Boyer, Joseph. Boyer, Robert. Boyes, Richard. Boyle, Felix. Boyle, John. Boyle, P. Augustus. Boyle, William. Boyle, W. St. Jolin. Boyson, Charles. Brabant, R. Herbert. Bracey, Charles. Brade, James. Bradford, Benjamin M. Bradford, Edward. Bradford, Robert. Bradford, William. Bradford, William. Bradley, Henry. Bradley, Thomas. Bradshaw, B. W. Bradshaw, George. Bradshaw, John. Bradshaw, J. Taylor. Bradshaw, R. Webb. Brady, Charles. Brady, D. Frederick. Brady, Joseph Thomas. Braikenridge, William. Brailsford, William. Braine, James William. Brand, Henry. Bravo, Moses. Braybrooke, William. Brayne, H. Robert. Brebner, Arthur. Brebner, William. Breedon, Alexander. Bremner, William. Brett, R. Hargrave. Brett, Thomas. Brewer, H. Edward. Brewer, L. Erasmus. Brewerton, John. Brewster, Cardinal. Brewster, J. Nun. Brewster, R. Gray. Brickwell, C. John. Brickwell, Henry. Brickwell, John. Bride, Patrick. Briden, William. Bridecake, James. Bridgman, G. C. Brierley, T. Booth. Brigham, John. Bright, John Edward. Bright, Richard. Brigstocke, Henry. Brinsden, T. Evans. Briscoe, Henry. Brittan, Joseph. Broadbent, Lees. Broady, Thomas. Brock, T. Hudson. Brock, William. Bromhall, John. Brook, W. Henry. Brooke, Isaac. Brookes, A. Good. Brooks, Richard. Brooks, William. Broomhall, Thomas. Brougham, James. Brougham, Stephen. Brown, Alexander. Brown, Burton. Brown, Charles. Brown, Edward. Brown, Henry. Brown, Henry. Brown, James. Brown, John. Brown, John Dan. Brown, Mark. Brown, Stephen. Brown, Thomas. Brown, Thomas. Brown, Thomas. Brownbill, Thomas. Browne, Edward. Browne, Edward.