240 Mabel’, Arthur. Mac Adam, D. H. Macarthur, Peter. Macartney, J. B. Macauley, Alexander. Macauley, C. H. Macauley, G. Auley. M‘Auley, Donald. M‘Auley, J. William. M‘Bean, Alexander. M‘Bride, Michael. M‘Candish, John. M‘Carthy, Arthur. M‘Carthy, J. Daniel. M‘Carthy, Timotheus. M‘Christie, T. Young. Macchristie, William. M‘Clinlock, Ross. M‘Clure, George. M‘Clure, William. M'Clure, William. M‘Cormick, G. M. M‘Crea, Charles. M'Culloch, Michael. M‘Cusker, Edward. M'Dermott, Charles. M‘Dermott, Edward. M‘Dermott, James. M‘Dermott, John. M‘Dermott, Michael. M'Donald, Alexander. M‘Donald, Daniel. M'Donald, Donald. M‘Donald, D. D. M. M‘Donald, John. M‘Donald, William. M‘Donnell, Edward. M‘Donnell, Gerald. M‘Donnell, Robert. M. M‘Donough, Francis. M‘Dougal, F. Thomas. M‘Dowell, J. Smyle. Mace, John Ellis. M‘Enally, John. Macfarland, John. Macgregor, Alexander. M‘Gusty, Thomas. M‘Hardy, Arthur. Machill, Joshua. M‘Hugh, John. MTllmarry, James. MTlree, John Drope. M'Intosh, John. Mack, R. John. Mackay, George. Mackay, John. MJCeand, R. H. MacKelcan, John. MacKeller, Dugald. M‘Kenna, William. Mackenzie, Duncan. Mackenzie, John. M‘Kenzie, J. Gordon. M‘Kenzie, K. Fisher. Mackesy, Henry. Mackesy, Thomas. Mackey, Hugh. M‘Kibben, J. R. M'Kie, Robert. M‘KilHgan, Charles. Mackin, C. Travers. Mackintosh, Andrew. Mackintosh, C. Hills. Macknight, W. G. M‘Laughlen, W. R. M‘Laughlin, G. E. M‘Lean, G. Gordon. Maclean, Lachlin. M'Lean, William. M‘Leod, A. William. Maclise, William. M'Manus, Roger. M‘Mullin, Patrick. M‘Murray, W. Aston. M‘Naier, James. Macnamara, Daniel. M‘Namara, James. M‘Naught, Thomas. M‘Neece, William. Maconchy, John. M‘Petrie, jnes. Macpher. n, Alexander. Macpherson, E. M. M‘Queen, Alexander. MvRay, Donald. Macready, G. W. M‘Vea, Daniel. Madden, R. Robert. Madden, T. Joseph. Maddock, Samuel. Magee, James. Magill, William. Maginniss, R. Thomas. Magrath, D. Joseph. Maguire, Patrick. Maguire, Ross. Mahon, Darcy. Mahony, David. Mahony, John. Mahony, Thomas. Maingy, Bonamy. Major, G. Frederick. Maitland, Maitland. Malet, C. Leycester. Malim, Wentworth. Maling, Christopher. Mallett, W. Edmund.